,0,1
0,呈現,1.0
1,厲害,1.0
2,繼續,1.0
3,雖然,0.9982638888888888
4,什麼,0.9979338842975206
5,臥蠶,0.9975062344139651
6,玫瑰,0.9974489795918368
7,睫毛,0.9967197750702905
8,尤其,0.9960159362549801
9,甚至,0.9950248756218906
10,漂亮,0.9942528735632183
11,朋友,0.9924812030075187
12,建議,0.9845360824742269
13,陣子,0.984375
14,旁邊,0.973421926910299
15,非常,0.9718652309829802
16,因為,0.9686999563255204
17,希望,0.9686684073107049
18,稍微,0.96767537826685
19,顏色,0.9618997912317327
20,喜歡,0.9579063971199114
21,腮紅,0.9561053471667997
22,真的,0.9533512064343164
23,雀斑,0.952
24,所以,0.9488796457802228
25,使用,0.9420035149384886
26,另外,0.9402390438247012
27,健康,0.9351851851851852
28,知道,0.9332654100866021
29,今天,0.9322096005862953
30,應該,0.9319948186528497
31,產品,0.9266628766344513
32,東西,0.9240506329113924
33,滋潤,0.9235955056179775
34,嚴重,0.9191919191919192
35,怎麼,0.9144434222631095
36,如果,0.9120856495779288
37,趕快,0.9094650205761317
38,首先,0.9054441260744985
39,訂閱,0.9033942558746736
40,淚溝,0.8877551020408163
41,泛紅,0.8848314606741573
42,陰影,0.884
43,頻道,0.8808139534883721
44,參考,0.8780487804878049
45,任何,0.8719512195121951
46,適合,0.8633633633633634
47,興趣,0.8605442176870748
48,需要,0.8567708333333334
49,畢竟,0.8565022421524664
50,設計,0.8556701030927835
51,比較,0.8499756927564415
52,咖啡,0.848404255319149
53,均勻,0.8329764453961456
54,者是,0.8313559322033899
55,擔心,0.8251121076233184
56,已經,0.8214474379292129
57,起來,0.8213206732844195
58,沒有,0.8091816367265469
59,珠光,0.8076923076923077
60,簡單,0.7945945945945946
61,飽和,0.7906976744186046
62,存在,0.7894736842105263
63,ve,0.7845433255269321
64,夏天,0.7805755395683454
65,介紹,0.7757847533632287
66,其實,0.7742594484167518
67,辦法,0.7720848056537103
68,尤其是,0.7664701195219124
69,基本,0.7603686635944701
70,習慣,0.7544303797468355
71,屬於,0.753199268738574
72,覺得,0.7463207404035807
73,然後,0.7428408605214418
74,時候,0.7421552806168191
75,左右,0.735202492211838
76,而且,0.7316138027187173
77,範圍,0.7270471464019851
78,特別,0.7228163992869875
79,護唇,0.7224669603524229
80,目前,0.7216494845360825
81,誇張,0.7167381974248928
82,Heme,0.7049976543312084
83,控油,0.699685534591195
84,護唇膏,0.6975641094516671
85,基本上,0.6961457896941767
86,問題,0.6916488222698073
87,缺點,0.6848958333333334
88,趣的,0.6783216783216783
89,蜜粉,0.6776352481873954
90,記得,0.6775469831849654
91,等一下,0.6757638757638758
92,興趣的,0.6728845688473017
93,接下來,0.6726234413848212
94,現在,0.6716457023060797
95,搭配,0.6707202993451824
96,但是,0.6705781339439039
97,台灣,0.666030534351145
98,暗沉,0.6610644257703081
99,黑眼圈,0.6608695652173913
100,裡面,0.656657223796034
101,遮瑕,0.6557734204793029
102,綠色,0.64
103,或者是,0.6355137409661469
104,自己,0.6282051282051282
105,哈囉,0.6263736263736264
106,校色,0.6245353159851301
107,效果,0.6229061160888196
108,追蹤,0.6227758007117438
109,可以,0.6194690265486725
110,防曬,0.6185430463576159
111,auty,0.6183886065241998
112,程度,0.6152542372881356
113,冬天,0.6145454545454545
114,給大家,0.6106897046381385
115,差不多,0.6045251278516999
116,除了,0.6016949152542372
117,舒服,0.6
118,嘛所以,0.5983754512635379
119,棕色,0.596078431372549
120,閱我,0.5885714285714285
121,eauty,0.5871813531120661
122,海綿,0.5844444444444444
123,紫色,0.5843137254901961
124,啡色,0.5838509316770186
125,算是,0.5767690253671562
126,看起來,0.5746141752416345
127,直接,0.5724266418258035
128,我覺得,0.5710611889226584
129,包裝,0.5680317040951123
130,訂閱我,0.5666173651881254
131,淡淡的,0.5646332134528242
132,給你們看,0.5632002156131571
133,擦起來,0.561654425976034
134,味道,0.5598047192839707
135,常非常,0.5590329079919409
136,Hem,0.5574964814968126
137,KATE,0.5543557028135743
138,發現,0.5491228070175439
139,韓國,0.5478927203065134
140,試試看,0.5473902941586805
141,嘴唇,0.5473047304730473
142,個顏色,0.5471839322029206
143,專櫃,0.5411471321695761
144,忘記,0.5411392405063291
145,霧面,0.5400608519269777
146,另外一,0.5395262171652373
147,咖啡色,0.5388764756886547
148,蠻喜歡,0.5361402240693892
149,完之後,0.5340783450410342
150,為什麼,0.5332488917036099
151,給你們,0.532009333637517
152,支影片,0.5313245823389021
153,家分享,0.5310710567933058
154,第一,0.5304910955207771
155,明顯,0.5285002767017155
156,也可以,0.5276879740836996
157,最喜歡,0.5263881034394118
158,都可以,0.5263704358118829
159,跟大家分享,0.5262019702670064
160,關係,0.5240875912408759
161,會覺得,0.523931576308018
162,有興趣的,0.5209454467742669
163,跟大家,0.519606775525805
164,很喜歡,0.519574904232086
165,了所以,0.5162614545261931
166,了然後,0.5154004909035751
167,沒辦法,0.5152361942781104
168,都非常,0.5143948296122209
169,提亮,0.514308426073132
170,很漂亮,0.5141195006665858
171,大部分,0.5139507272187592
172,還可以,0.5139348434716213
173,全沒有,0.513764534585649
174,有沒有,0.5134953080398628
175,較容易,0.5133796401730814
176,種感覺,0.5132861745779163
177,就可以,0.5127337303513614
178,較喜歡,0.512013208836256
179,的顏色,0.5119685638340833
180,很容易,0.5114531571930675
181,那如果,0.5114435570389796
182,色然後,0.5112604671661525
183,以如果,0.5112382996482442
184,較適合,0.5109907576102634
185,了因為,0.510845383759733
186,常喜歡,0.510792006880869
187,你知道,0.5101008945877543
188,種比較,0.5099420741444466
189,點然後,0.50963708977253
190,我自己,0.5091158896443575
191,不知道,0.5084768984228178
192,得非常,0.5083331140500913
193,那時候,0.5083237328122462
194,有什麼,0.5078491551134159
195,地方,0.5076923076923077
196,的護唇膏,0.5076190964945405
197,就覺得,0.5075599193608602
198,之後,0.5074687947616124
199,我現在,0.5074537984177773
200,它裡面,0.5073287778415315
201,立體,0.5072463768115942
202,它真的,0.5068192252078466
203,你覺得,0.5055750438486595
204,死皮,0.505464480874317
205,是因為,0.5052614289764231
206,推薦,0.5047846889952153
207,是非常,0.5047471973533125
208,的然後,0.5043954680147136
209,有興趣,0.5040568666878329
210,就直接,0.5037196132921614
211,用起來,0.5036346853789996
212,很自然,0.5036195280605257
213,看一下,0.5035538848785248
214,有辦法,0.503210216248633
215,是覺得,0.5030453362149417
216,我已經,0.5027523325752906
217,不喜歡,0.5024555109012468
218,這顏色,0.5024006866768596
219,上起來,0.5022684169364301
220,個產品,0.5021139334143445
221,那因為,0.5020479763228968
222,的睫毛,0.5018929009769649
223,色所以,0.5013502711248067
224,或是,0.5010460251046025
225,我真的,0.5004170146521739
226,是什麼,0.5004100663169107
227,的效果,0.500052407709927
228,的問題,0.500047806691005
229,個非常,0.4999409190919308
230,不容易,0.49984474806932117
231,是屬於,0.49980896013895704
232,的味道,0.4989083915898055
233,的產品,0.4988977384765625
234,的因為,0.49873498241009295
235,的位置,0.49868584740745564
236,個影片,0.4986711426815253
237,我喜歡,0.49850067165503
238,的地方,0.49702131528247595
239,色真的,0.4964035500980228
240,我記得,0.49581166231981305
241,我個人,0.4951399221900576
242,個系列,0.49457341418335404
243,系列,0.49364248317127896
244,的頻道,0.4922389730938242
245,的樣子,0.49140510577874247
246,那今天,0.4913053709586496
247,很明顯,0.4910564888561676
248,我比較,0.4896450353279193
249,老師,0.48954895489548955
250,通常,0.4894308943089431
251,個遮瑕,0.48924304611003727
252,的東西,0.48884208243804744
253,的非常,0.48880902912982505
254,的影片,0.4887466466830056
255,我很喜歡,0.4885593678812739
256,叫做,0.4883177570093458
257,不適合,0.48829691427387456
258,的時候,0.48782241877028953
259,會比較,0.487460148153539
260,的所以,0.48597972582387167
261,一開始,0.48594407720169613
262,它其實,0.4856210215443558
263,我今天,0.4853166227452608
264,就是,0.48484282834316433
265,個地方,0.48369454983654286
266,潤唇膏,0.4828105895938052
267,的感覺,0.48166417478657686
268,的部分,0.4816377752839456
269,保濕,0.4815803523758676
270,是如果,0.4802230154362764
271,我之前,0.4785038740681609
272,的珠光,0.4777884354943141
273,有時候,0.4771011260773638
274,很適合,0.47663553705889783
275,得比較,0.47583870541147244
276,慢慢,0.475177304964539
277,的而且,0.4749745046472064
278,的腮紅,0.4740909738882385
279,也比較,0.47259346058363433
280,是比較,0.47109104554332576
281,給大家看,0.47072087482283015
282,的皮膚,0.46965911038017866
283,是真的,0.4690537608547266
284,事情,0.4678362573099415
285,個比較,0.46705283922335966
286,素顏,0.4658119658119658
287,們兩個,0.4646405090438393
288,的關係,0.46331401271747846
289,eaut,0.463073559393377
290,容易,0.4609500805152979
291,都沒有,0.45982476537199174
292,話我覺得,0.4593004510458367
293,就比較,0.4580862165970849
294,是可以,0.45800752597077155
295,化妝,0.4569209039548023
296,來比較,0.4568616238512468
297,家看一下,0.45676480268494957
298,的遮瑕,0.4565147939031839
299,的光澤,0.45520378207288054
300,的護唇,0.45462695758674776
301,留言,0.4538310412573674
302,的包裝,0.4525636226070873
303,的彩妝,0.4522396165214671
304,色其實,0.45170688262083153
305,的質地,0.44945550810496304
306,色我覺得,0.4491181828115584
307,eme,0.44779812497099986
308,ATE,0.4468548135766093
309,用下來,0.4463996943776162
310,天的影片,0.44600601655188093
311,掰掰,0.4444444444444444
312,aut,0.4435757185757186
313,我沒有,0.4434262035291663
314,色比較,0.4433980664459927
315,我不知道,0.44201640653534224
316,整個,0.4391492713666798
317,家可以,0.4386614290813465
318,大家,0.4385574354407836
319,還不錯,0.4378196565683213
320,非常非常,0.4365778852772242
321,ake,0.43644494008571677
322,沾這個,0.4361984912479775
323,帶一點,0.4349006330121212
324,想要,0.4348454203987287
325,們看一下,0.4339044995844256
326,兩個顏色,0.4332448263623283
327,也沒有,0.4324533940207886
328,個品牌,0.43224577882480275
329,反正,0.43154761904761907
330,的蜜粉,0.42808171066287787
331,在臉上,0.42802273590180245
332,1028,0.4268748771715039
333,KAT,0.42670908151064374
334,的成分,0.42650832751453055
335,卸妝,0.42377622377622376
336,是完全,0.42236920719414195
337,皮膚,0.42139737991266374
338,是霧面,0.42084476126645004
339,個色號,0.42012427580871425
340,是沒有,0.41962814144368366
341,彩妝,0.41959229898074746
342,得出來,0.4174383155376017
343,們可以,0.4170136864656221
344,的霧面,0.41681932001245336
345,奇怪,0.4155251141552511
346,感覺,0.4152475766308619
347,的IG,0.4137008126085519
348,原本,0.4125615763546798
349,的情況,0.4119514380487357
350,質地,0.4108830237862496
351,的底妝,0.4099292512652727
352,就完成,0.40845710590737516
353,Bea,0.4075508511779913
354,不一樣,0.40546904200005557
355,色眼影,0.4048916346155713
356,呢就是,0.40398346454755146
357,修容,0.4026522001205545
358,的我覺得,0.4024821662220657
359,對我來說,0.40220339085606405
360,呢我覺得,0.3992902075093856
361,服貼,0.3990719257540603
362,平常,0.3986013986013986
363,粉紅色,0.39772001294126763
364,就沒有,0.3972273143105165
365,如果你,0.39644484630639454
366,確定,0.3963963963963964
367,你可以,0.39593028003102826
368,完全沒有,0.3952877698946235
369,放在,0.3942307692307692
370,以我覺得,0.3940568070588353
371,型的,0.39138240574506283
372,是我覺得,0.3910231739602694
373,痘痘,0.3906856403622251
374,這個顏色,0.3903727800864249
375,個就是,0.38993568291372677
376,部分,0.38957816377171217
377,為我覺得,0.3862615978210336
378,位置,0.3861003861003861
379,它可以,0.38518818398410287
380,以如果你,0.38446725804486737
381,妝的時候,0.3841811636748765
382,做一個,0.38015451174289244
383,今天的影片,0.3792294779719731
384,兩個,0.37899818949909475
385,橘色,0.3789260385005066
386,大家分享,0.37858220634954054
387,超級,0.37728585178055823
388,疊加,0.3739130434782609
389,等一,0.3726453726453726
390,你想要,0.37219863879776005
391,混合,0.3717277486910995
392,常非常非常,0.3716863750934995
393,微微的,0.37131141940982715
394,跟大家分,0.37076610019120176
395,的方式,0.37004081676931466
396,暈染,0.368763557483731
397,透明,0.3687196110210697
398,話可以,0.36867025537505205
399,或者,0.3682008368200837
400,持久,0.3681936041486603
401,黑眼,0.368
402,所以如果,0.36732114766867846
403,吸收,0.36666666666666664
404,的比較,0.3660591401798477
405,的就是,0.36594710858224555
406,He,0.3645390070921986
407,就這樣,0.36449449043714705
408,回來,0.3643192488262911
409,拿來,0.3639596917605216
410,對不對,0.362946211828654
411,沒有什麼,0.36288637437617227
412,它的顏色,0.3623914454479331
413,在手上,0.3610866825285316
414,這個,0.36101499423298733
415,我就覺得,0.36007026009923293
416,真的非常,0.35994441713552566
417,光澤,0.35921268452706395
418,我剛剛,0.3583476006208291
419,把它,0.3573200992555831
420,出來,0.3572274881516588
421,但是我覺得,0.3564453906070722
422,的但是,0.35613556919160594
423,非常喜歡,0.35590861883974045
424,但是如果,0.3550800824094276
425,顯色度,0.3550230257547331
426,它的質地,0.3550072078690338
427,眉毛,0.3546030199707745
428,接下,0.35446090251464
429,但是因為,0.3542482395485935
430,鏡子,0.3542039355992844
431,那種感覺,0.3537256483007282
432,你們看一下,0.35368723823287723
433,大家看一下,0.3531301597913927
434,比較適合,0.3529118378889813
435,底妝,0.35285610990600147
436,顏色然後,0.35249459011150547
437,顏色我覺得,0.35190916798036004
438,比較容易,0.349910176458391
439,沒有辦法,0.3498949368707632
440,剛剛,0.3497126436781609
441,類的,0.34934497816593885
442,進去,0.34880636604774534
443,是我自己,0.34857331454330626
444,在一起,0.348564562178913
445,比較喜歡,0.3482172222668958
446,選擇,0.34803001876172607
447,的話我覺得,0.3466572616335173
448,有看到,0.3464105549088087
449,的嘴唇,0.34545740886238663
450,be,0.3452958292919496
451,了但是,0.34522672250212655
452,一個顏色,0.34521367198610786
453,是如果你,0.3449854267525305
454,往上,0.3437037037037037
455,日本,0.34369449378330375
456,的打亮,0.3433285909824793
457,影片,0.3430049482681062
458,給你,0.34299917149958575
459,形狀,0.34206219312602293
460,保養,0.3416978109983983
461,好不好,0.33970095750200463
462,幫我,0.3384615384615385
463,便宜,0.3377885783718105
464,3號,0.3376110562685094
465,一個比較,0.3371812887758496
466,這個產品,0.3370238369808729
467,這個地方,0.33636878177113566
468,那如果你,0.3318799171534152
469,是就是,0.3305726452600071
470,氣墊,0.3296774193548387
471,用這個,0.3289346520088822
472,變得,0.3288235294117647
473,來就是,0.3285766076983516
474,金色,0.3275862068965517
475,只是,0.3275488069414317
476,哪一,0.32582322357019067
477,點就是,0.3257460372584526
478,價格,0.32538569424964936
479,對我來,0.3253004643540016
480,列的,0.323943661971831
481,的膚色,0.32393602679234285
482,墊粉,0.3234782608695652
483,色但是,0.3231179133779398
484,他這個,0.3228506250061965
485,淡的,0.3202668890742285
486,收到,0.3198433420365535
487,養品,0.31955922865013775
488,把這個,0.31933068358989
489,會不會,0.31772265438573966
490,的亮片,0.3164368474702371
491,嘴巴,0.3162816281628163
492,y ,0.3157894736842105
493,所以我覺得,0.31551271334702236
494,們家的,0.3148216728782375
495,口罩,0.314638783269962
496,我跟你,0.3137941184601639
497,大家可以,0.3137005162547953
498,還是,0.3131840162891321
499,的狀況,0.3130116902738405
500,uty,0.312434106483922
501,口紅,0.3108365019011407
502,睫毛膏,0.3107260204740321
503,膚色,0.30965732087227416
504,它這個,0.3092893533999192
505,果說你,0.30752941845261783
506,顏色比較,0.30749474010773986
507,是那種,0.3071344471557349
508,就是比較,0.30619402352770536
509,黃色,0.30609756097560975
510,的品牌,0.30598603071185865
511,狀況,0.3048
512,因為我,0.3034117531126873
513,它就是,0.30268522322871366
514,所以如果你,0.30251230632451725
515,因為我覺得,0.301314938887256
516,打亮,0.30053097345132745
517,按壓,0.30035971223021585
518,日常,0.30017761989342806
519,應該是,0.30007007781022366
520,的色號,0.29789548011275735
521,還沒有,0.29738792529140884
522,自然,0.2963231736816642
523,me,0.29617486338797816
524,分享,0.29612034837688045
525,這個色號,0.294777326119605
526,該是,0.2929226736566186
527,給你們看一,0.29174904595605067
528,漂亮的,0.29065700428068375
529,修飾,0.2899336949969861
530,所以我,0.28990687038472773
531,每一,0.28896473265073946
532,跟你們,0.28858142770193895
533,了就是,0.2882596308823863
534,當作,0.2882521489971347
535,情況,0.2868020304568528
536,管是,0.2867647058823529
537,顯色,0.2867132867132867
538,ke,0.286425902864259
539,是一個,0.28632774939932254
540,就好了,0.28529307627683814
541,結果,0.28274428274428276
542, Me,0.2823669826002653
543,也是,0.28211893647249847
544,美妝蛋,0.2821110485486912
545,完全,0.282064928153273
546,他們家的,0.2818384244369922
547,唇膏,0.28121516164994426
548,沒有那麼,0.28055565322657566
549,4號,0.2798913043478261
550,非常的,0.2794297941689606
551,主要,0.2782152230971129
552,ce,0.27783669141039236
553,之前,0.27706159197871905
554,精華,0.276981852913085
555,透明的,0.27675209717349103
556,看得出,0.27633545256919395
557,臉上,0.27633209417596033
558,讓你的,0.27550264550264547
559,每次,0.27417519908987487
560,一定要,0.273301580021103
561,果你,0.2728338953232664
562,補妝,0.2725199543899658
563,淺的,0.2702702702702703
564,讓你,0.27
565,他就是,0.2683503033495832
566,我來說,0.267866147102851
567,反而,0.26785714285714285
568,第二,0.26497571505666484
569,不同的,0.2642310215127907
570,為我,0.2642178594046865
571,每個,0.26393629124004553
572,粉底液,0.2636601370886528
573,也不會,0.2631162750640057
574,差不,0.26267748478701824
575,淡淡,0.2618849040867389
576,的這個,0.261694148461397
577,嘴巴上,0.26096714019228007
578,會變得,0.2600248880964321
579,珠光色,0.2597259062776304
580,系列的,0.25799279254776636
581,的睫毛膏,0.2578874905989614
582,開始,0.2576086956521739
583,都是,0.2572267920094007
584,特別的,0.25704165760015474
585,眼影,0.25683247570040024
586,另外一個,0.256086458577849
587,樣子,0.25601946721311475
588,028,0.25532863150388535
589,巴上,0.2550335570469799
590,明顯的,0.25448329214196097
591,中間,0.2536957558416786
592,暈開,0.2530730296456978
593,肌膚,0.2525523911875336
594,的保濕,0.25241349547748343
595,主打,0.25196850393700787
596,薦的,0.25118483412322273
597,的話可以,0.2497637913652004
598,再來,0.24963976945244956
599,有一點點,0.24859377545482375
600,以看到,0.24854247833604215
601,真的是,0.2479225284506997
602, th,0.24764406732179553
603,別的,0.2468955441928415
604,四個,0.2466765140324963
605,這個就是,0.246529036730081
606,厚重,0.24596273291925466
607,進入,0.2453580901856764
608,10,0.24513046674016906
609,鼻影,0.24494649227110582
610,in,0.24416971059286316
611,還有,0.24344616950878087
612,淺色,0.24216216216216216
613,保養品,0.2421345268286172
614,氣墊粉,0.24199608610567513
615,色就是,0.24045257233707612
616,他們,0.24014854549205694
617,外一,0.23927765237020315
618,同的,0.23809523809523808
619,個小時,0.23791450745778187
620,起來就是,0.2375483119594185
621,持妝,0.23595505617977527
622,用手指,0.2359390536771331
623,有一點,0.23534038779536862
624,第一個,0.235100870217332
625,不管是,0.23457969403794537
626,給大,0.23446561723280862
627,常的,0.23425117528542647
628,的可是,0.2335566897300145
629,指甲,0.23315363881401618
630,定妝,0.23285322359396435
631,我很喜,0.23283905182191084
632,50,0.23273113708820403
633,美妝,0.22978505629477994
634,出來的,0.22958076914008158
635,三個,0.228515625
636,當然,0.22750716332378224
637,外一個,0.2268111929809617
638,如果說你,0.2266808262727609
639,鼻子,0.2259215219976219
640,定要,0.22530864197530864
641,會讓你,0.22385362640317888
642,TE,0.22377622377622378
643,試看,0.22357293868921777
644,常非常的,0.2224892798739231
645,薄的,0.222011385199241
646,鼻翼,0.2211652794292509
647,瑕度,0.22094508301404853
648,我最近,0.2202397175784143
649,話就是,0.21832082965578112
650,紋理,0.21739130434782608
651,完全不,0.21710439113538915
652,壓掉,0.21642512077294687
653,是有一點,0.2154674849782374
654,OK,0.21517241379310345
655,買的,0.21456061577934574
656,我還是,0.2143030688632761
657,有那麼,0.2128721104274073
658,今天的,0.21266457868088157
659,喜歡的,0.21254520153759082
660,調的,0.2125340599455041
661,只有,0.2121475054229935
662,he,0.21203007518796993
663,成分,0.21155638397017706
664,最後,0.2106267029972752
665,有很多,0.21050073002464315
666,才會,0.21015010721944247
667,結塊,0.20997920997921
668,黑色,0.20977777777777779
669,家看一,0.2094719568331317
670,高的,0.2091072498502097
671,試試,0.20824524312896406
672,了這個,0.2081288577722524
673,你們看,0.20790088401779402
674,的眉毛,0.20752883668021055
675,102,0.20721061740353636
676,ut,0.2066420664206642
677,讓我,0.2061904761904762
678,它也是,0.2057857666287014
679,染唇,0.20573183213920163
680,後這個,0.20571287641715877
681,新的,0.20535714285714285
682,只要,0.20477223427331886
683,歡的,0.204403370481109
684,會有一點,0.20404875432895755
685,遮瑕度,0.20392653185305132
686,幾乎,0.2038095238095238
687,這兩個,0.20369657116054296
688,原因,0.20320197044334976
689,呢我,0.20284510010537407
690,是不是,0.20269800178894112
691,霧面的,0.2024493138683351
692,下這個,0.20229899754253108
693,go,0.2021505376344086
694,性的,0.20147874306839186
695,自然的,0.20053325829606153
696,清爽,0.20048602673147023
697,眉筆,0.20019483682415976
698,得這個,0.19998870529892215
699,這樣子,0.1997703504767401
700,紅色,0.19919354838709677
701,eau,0.19853469128831447
702,Be,0.19839357429718876
703,話我,0.198252427184466
704,就是一個,0.1982090336703443
705,一點點,0.19793906982234433
706,亮片,0.19735305566368236
707,看這個,0.19723763395284982
708,嘛所,0.1967509025270758
709,還有一個,0.19665443265562296
710,打底,0.19646017699115045
711,錯的,0.19641401792991034
712,輕輕,0.1959721146398141
713,品牌,0.19546061415220295
714,細緻,0.1953125
715,有那種,0.19513276789179
716,刷具,0.1930531084822552
717,香味,0.19256756756756757
718,的一個,0.19230870027416155
719,氣色,0.19225806451612903
720,號色,0.1903818953323904
721,好那我,0.19005451275444854
722,推薦的,0.18898954624821424
723,話我覺,0.18895067656875517
724,可以看到,0.18874456908517767
725,的妝效,0.18780784539483728
726,它的,0.1875228209274425
727,那這個,0.18730696224964744
728,在這個,0.18724177733796182
729,精油,0.1872015281757402
730,d ,0.1871069182389937
731,深的,0.18706404565630944
732,他們家,0.18698115956516836
733,的刷具,0.1864872782751237
734,一個,0.18548363551429156
735,的那種,0.18512200847369606
736,E的,0.18460111317254174
737,狀的,0.184
738,and,0.18377575688896441
739,2號,0.18372569089048107
740,的眼影,0.18308290968996488
741,下來,0.18293492695883135
742,t ,0.18291788856304986
743,全部,0.1826302729528536
744,我想要,0.18241285743645333
745,出油的,0.18197444458147607
746,非常非常的,0.1819670712927683
747,Di,0.18161925601750548
748,IG,0.18086696562032886
749,是因為我,0.1804315385342298
750,快速,0.18026183282980865
751,li,0.1798227100042212
752,澤感,0.17950530035335688
753,享的,0.1794871794871795
754,深色,0.1794546607482562
755,不會,0.1792941402129088
756,概是,0.17898022892819979
757,全不,0.17866004962779156
758,ing,0.17824986072360352
759,己的,0.17814544055405926
760,lo,0.1781342338539468
761,20,0.17758444216990787
762,重的,0.1773684210526316
763,沾這,0.17672151127361366
764,的遮瑕度,0.1764823421982429
765,整體,0.17605356439543127
766,re,0.17577981651376146
767,幾個,0.17523809523809525
768,是他們,0.17501987638201508
769,有這個,0.1749565926288496
770,今天的影,0.17477250381935905
771,妝前乳,0.17446507255225885
772,ma,0.17431693989071037
773,本身,0.17418728772440562
774,02,0.17374952989845807
775,de,0.17374213836477986
776,色我覺,0.17367727421733753
777,因為它,0.17263847678327943
778,我一樣,0.17249996899764275
779,愛的,0.17249846531614488
780,差別,0.1724137931034483
781,天的影,0.1722724834855182
782,在我的,0.17215183620215954
783,且它,0.17199248120300753
784,se,0.17168949771689498
785,色這個,0.17164241087052035
786,但是我,0.1714784640262522
787,是非常的,0.1709546662163409
788,可能,0.1707259769754875
789,使用的,0.1702876216457257
790,h ,0.16766917293233083
791,手上,0.16750539180445723
792,KA,0.16710700132100395
793,那我們就,0.16643287315228816
794,點點,0.16574057996179892
795,較不會,0.16568864953396195
796,系的,0.16529543754674644
797,們看一,0.16480367972042348
798,怎麼樣,0.1646729503053278
799,那個,0.164620336154488
800,是這樣子,0.16460663563990433
801,s ,0.1643835616438356
802,毛孔,0.16418615639026696
803,配色,0.16378066378066378
804,的所以我,0.1637035377056153
805,面的,0.16369088183181138
806,那一種,0.1636675548262871
807,狀態,0.1632
808,我不知,0.16302460980301342
809,那種,0.1629514840863035
810,天的,0.1624211264314092
811,那我們,0.16231589260043033
812,常非常非,0.16224850012466593
813,變成,0.16176470588235295
814,MA,0.15953757225433526
815,再來是,0.159135223166203
816,白色,0.15899357601713063
817,一點,0.15888587194534465
818,亮片色,0.15882049900075473
819,加上,0.15864128406121686
820,嘴唇上,0.15861817337512646
821,其他的,0.15836460571538633
822,以這個,0.1582644997642315
823,潤唇,0.15704387990762125
824,你們,0.15685291906790277
825,就不會,0.15647527673373882
826,毛膏,0.15639026695015357
827,接下來呢,0.15604382390248112
828,是這個,0.15597186590326867
829,非常非,0.15486682791583628
830,潤的,0.15473441108545036
831,好用的,0.15453329232482016
832,其實我,0.15448697044261955
833,大家看一,0.15432260161668512
834,輕的,0.1541440743609605
835,想說,0.15400173360300493
836,RA,0.15328467153284672
837,心得,0.15327102803738318
838,新手,0.15315934065934067
839,對我,0.15296367112810708
840,雖然說,0.15291062801932367
841,為它,0.15275490816972767
842,眼影盤,0.15220767292542692
843,hi,0.1518796992481203
844,裡面的,0.15115746455257167
845,油的,0.15110975980541197
846,而且它,0.1509696645533708
847,果你是,0.15046934818437324
848,霧面色,0.15039091887362036
849,真的很,0.150145105856406
850,那我,0.15013708427702943
851,看起,0.1499617444529457
852,兩個顏,0.1498672395434924
853,濕的,0.1497584541062802
854,會有一,0.14969426796562135
855,輕薄,0.14949651432997677
856,NA,0.14943527367506515
857,覺得這個,0.1487871415924816
858,的話就是,0.14878325068591455
859,微的,0.1487405037984806
860,然後這個,0.1480955266589092
861,細的,0.14783653846153846
862,ND,0.1476976542137272
863,帶有,0.14717403469501958
864,LO,0.1468890314304041
865,你們看一,0.14682388705554247
866,完全沒,0.14634892104391134
867,肌的,0.1461579795808705
868,an,0.14589589589589588
869,到這個,0.14583076570945647
870,是因為它,0.14581814134603063
871,給我,0.14581607290803644
872,1號,0.14553472987872107
873,方式,0.14528543938422064
874,自己的,0.14514034931824688
875,它有一,0.1450088181256889
876,耶我,0.14488424197162061
877,體的,0.14466666666666667
878,ra,0.14422018348623852
879,他的,0.14338766247163193
880,這是我,0.14305491158311628
881,膚色的,0.14295555263042428
882,亮的,0.14285714285714285
883,微微,0.14274290283886445
884,如果你是,0.14249422706666695
885,我覺,0.14212237784531678
886,但是我覺,0.14192718747609626
887,皮膚的,0.14177150032807656
888,盤的,0.14167650531286896
889,有一個,0.14114058416125216
890,LI,0.14111610006414368
891,粉底,0.1404833836858006
892,紅的,0.1400537634408602
893,了一個,0.1396889671539373
894,好看的,0.1396880517534208
895,最近,0.13950953678474115
896,顯的,0.13898601398601398
897,色號是,0.13890354978913383
898,色調的,0.1385373047219784
899,實我,0.1380527299148848
900,第一次,0.13779090737903232
901,家的,0.13767783386874713
902,等等,0.1375921375921376
903,e ,0.13756613756613756
904,也不,0.13679723969961438
905,顏色我覺,0.13587889064048012
906,我想說,0.13561999400710226
907,底液,0.13545432634369728
908,ha,0.13533834586466165
909,我們,0.13515121889014048
910,也很好,0.13496914628614703
911,像我,0.13479154982239672
912,款的,0.13474025974025974
913,乾淨,0.13445969728968674
914,量的,0.13419563459983833
915,上妝的,0.13398962795315222
916,RO,0.13381995133819952
917,所以這個,0.13368852850979004
918,以我,0.13271328921480952
919,非常非常非,0.13269800866837253
920,又不,0.13233155598642754
921,其他,0.13217568947906028
922,候我,0.13158527784459947
923,買了,0.13117382937780628
924,潤色,0.13106235565819863
925,能會,0.13063806380638063
926,我這邊,0.13046930763633052
927,喜歡這,0.1299044573978085
928,太多,0.12963471573743476
929,大概,0.12941525675274562
930,的話我覺,0.12887634884468976
931,蠻好,0.12865919768702566
932,or,0.1285919540229885
933,本上,0.12857836001940806
934,00,0.12786761940579164
935,接下來是,0.1277417578025213
936,可是,0.12765290938992874
937,ne,0.12752114508783344
938,Ka,0.12747688243064728
939,不是,0.12731370480483362
940,可能會,0.1272761727262342
941,不錯的,0.12619603092862314
942,畫出,0.12522490104354084
943,嗎我,0.125
944,歡這,0.12476216363142158
945,重點,0.12473684210526316
946,白的,0.1247323340471092
947,有一,0.12466927717218754
948,CE,0.12446958981612447
949,推開,0.12440191387559808
950,的刷子,0.12407719311532135
951,做一,0.12360939431396786
952,頭髮,0.12347826086956522
953,擦起,0.12330885195206803
954,為它的,0.12282670456037315
955,影盤,0.12280701754385964
956,像是,0.12263974574686858
957,光澤感,0.12257739963200691
958,愛用,0.12216083486801718
959,帶一,0.12199216564073867
960,這樣,0.12177784930661731
961,us,0.12177121771217712
962,小時,0.12153846153846154
963,瑕膏,0.12132822477650064
964,是這樣,0.12128967964085842
965,刷子,0.12056380568839668
966,st,0.12054794520547946
967,重要,0.12052631578947369
968,後它的,0.12051493228577241
969,啊我,0.12045401899467223
970,本來,0.12032993692382339
971,剛好,0.12011494252873563
972,全沒,0.12009925558312655
973,沾取,0.12004875076173065
974,nd,0.11971372804163956
975,乾的,0.11967617036254839
976,on,0.11925287356321838
977,美的,0.11924257932446264
978,用這,0.11894009828662505
979,會有,0.11890566668523987
980,他們的,0.11879429795735769
981,我覺得它,0.11841950635713355
982,的妝感,0.11832291316630339
983,手指,0.11826024442846873
984,常非,0.1180658159838818
985,的那個,0.11754348887553129
986,蜜粉餅,0.11736542888553794
987,Me,0.11734104046242774
988,明的,0.11732152739346983
989,好像,0.11730578746285553
990,分享的,0.11725152884158055
991,m ,0.11693989071038251
992,覺得它,0.11653380423612023
993,比較不會,0.11632409944139577
994,且我,0.11607142857142858
995,AT,0.11604714415231188
996,的唇彩,0.11595137193766324
997,完成,0.11575306013837147
998,眼線,0.11572327044025157
999,Ma,0.11560693641618497
1000,是它的,0.11516655093441798
1001,28,0.11514841351074719
1002,白肌,0.1145610278372591
1003,還有一,0.11439964758679844
1004,le,0.11439425918108907
1005,時候我,0.11427764162538448
1006,推出,0.11423444976076555
1007,Li,0.1141757536882617
1008,前面,0.11407280022929206
1009,後我,0.1140002646552865
1010,然後我,0.11398326302988333
1011,眼妝,0.11389365351629503
1012,你的,0.11375595088950138
1013,妝的時,0.11362269198070549
1014,膚的,0.1133956386292835
1015,而已,0.11327988846287905
1016,應該會,0.11277801582129213
1017,th,0.1125366568914956
1018,用的,0.1122327002257936
1019,te,0.11217008797653959
1020,遮瑕膏,0.1119827776071669
1021,大家看,0.11196893744547554
1022,打開,0.11185840707964602
1023,得它的,0.11185104106388322
1024,頭的,0.1117391304347826
1025,大概是,0.11138728449625702
1026,第三,0.11117107393416081
1027,ll,0.11101730688054032
1028,用的是,0.11089420709351848
1029,呢就,0.1102915349490692
1030,擦的,0.11016621569385389
1031,該會,0.11009174311926606
1032,ng,0.1099544567338972
1033,試色,0.10993657505285412
1034,可是我,0.10965213873515564
1035,妝的,0.10955028777680226
1036,看到,0.10950650344299924
1037,都會,0.10928319623971798
1038,我用的,0.10927699664006964
1039,的粉質,0.10920266598900374
1040,的粉底,0.10920266598900374
1041,們的,0.1091581868640148
1042,的話我,0.10912312048292044
1043,先用,0.10890386661936857
1044,er,0.10886644219977554
1045,呢我們,0.10882884239048622
1046,我覺得這個,0.10859466369990736
1047,號是,0.10777934936350778
1048,我也是,0.10763139021096951
1049,讓它,0.10761904761904761
1050,這一款,0.10761334373351261
1051,邊的,0.10740236148955495
1052,的眼妝,0.107130035923657
1053,還是會,0.10671954622422852
1054,I ,0.10662680617837568
1055,說我,0.10653409090909091
1056,出油,0.10624012638230648
1057,膏的,0.10608983190961697
1058,家看,0.10601193207893529
1059,一下,0.10586552217453506
1060,跟我,0.1056266846361186
1061,是有一,0.10509101984489967
1062,跟你,0.10444743935309973
1063,IN,0.10413552566018934
1064,多的,0.10406976744186046
1065,MI,0.10404624277456648
1066,色的,0.10379021595416484
1067,很好看,0.10373242351413094
1068,的我覺,0.10372324933309841
1069,底妝的,0.10349718873597825
1070,的唇膏,0.10345103815999694
1071,本的,0.10334788937409024
1072,就是這個,0.10313032958786235
1073,還蠻,0.10269788750318147
1074,啦我,0.10256410256410256
1075,r ,0.10238532110091743
1076,線筆,0.10188457008244994
1077,而且我,0.10188389930241143
1078,是比較偏,0.10154299553587649
1079,蜜桃,0.1015058561070831
1080,ss,0.10136986301369863
1081,這一,0.10098978031705158
1082,這一支,0.10088750975016808
1083,拿出,0.1007705986959099
1084,片的,0.10062685582316068
1085,ou,0.10057471264367816
1086,裡面有,0.10041429678315046
1087,質感,0.1003584229390681
1088,很好,0.09956368924978791
1089,時間,0.09951586874663798
1090,呢我覺,0.0989353112640784
1091,is,0.09890418656926103
1092,上面,0.0988719812249224
1093,at,0.0985985985985986
1094,是會有,0.09833024810207411
1095,皮的,0.0982532751091703
1096,我這個,0.09821305814690563
1097,得它,0.0980248719824433
1098,我就是,0.09778505238539703
1099,知道我,0.0976130187953115
1100,潤度,0.09757505773672055
1101,很多,0.09738213549872743
1102,更好,0.09732573432704954
1103,先來,0.09719758779709117
1104,剛剛那,0.0970417882677396
1105,後再來,0.0970020712850619
1106,水光,0.09688581314878893
1107,子的,0.09657248726262159
1108,乾肌,0.09644491376275958
1109,後再用,0.09641772145804345
1110,小的,0.0963076923076923
1111,01,0.09627679578789018
1112,再用,0.0960014409221902
1113,臉的,0.09541511771995044
1114,因為它的,0.09529525406584022
1115,呢是,0.09518791710572533
1116,它是,0.09503938240050076
1117,乾燥,0.09503695881731784
1118,個顏,0.09478130145321784
1119,就是這樣,0.09469239353067362
1120,你看它,0.09465292900279274
1121,掉了,0.09458128078817735
1122,是有點,0.09432868648728947
1123,樣的,0.0941342213114754
1124,我這樣,0.09388012911101273
1125,把這,0.0934656741108354
1126,覺得這,0.09345780339728453
1127,sh,0.09315068493150686
1128,調色,0.09264305177111716
1129,AN,0.09202175883952855
1130,然後它的,0.09195519972213993
1131,兩款,0.09173204586602293
1132,眉粉,0.09157330735509012
1133,跟大,0.09147574123989219
1134,經有,0.09145021645021645
1135,以我覺,0.09108521058825288
1136,一樣的,0.09089176083736325
1137,我自己是,0.09074441380511877
1138,次的,0.0902555910543131
1139,唇彩,0.09002229654403568
1140,毛的,0.08977084809827546
1141,油肌,0.0896929157798723
1142,ER,0.08951762523191095
1143,片色,0.08940943582975916
1144,為我們,0.08939220242674557
1145,部的,0.08897554058844381
1146,o ,0.08884099616858238
1147,又有,0.08870576829859428
1148,方便,0.0885182809493265
1149,感的,0.08842022530783337
1150,粉撲,0.08807808505693702
1151,e的,0.08802308802308802
1152,是這種,0.08797910526453219
1153,A的,0.08794197642792384
1154,所以我覺,0.08735028446269644
1155,對不,0.08713466266047527
1156,我覺得這,0.08713283786061406
1157,得很好,0.08704603912499705
1158,是我覺,0.08653476094040413
1159,水潤,0.08650519031141868
1160,這兩款,0.08635515485609052
1161,I',0.08619830592924764
1162,很好用,0.08599752530042468
1163,瑕疵,0.08599404001702853
1164,這個顏,0.08590402240886563
1165,看一,0.08578806426931905
1166,喔我,0.08563899868247694
1167,OM,0.08551724137931034
1168,話就,0.0854368932038835
1169,睫毛的,0.08542618689769461
1170,開架,0.08532608695652173
1171,成了,0.08527493010251631
1172,人的,0.08493475682087782
1173,點點的,0.08488105846762181
1174,如果說,0.0845979203876465
1175,ty,0.08431085043988269
1176,覺得它的,0.08420796818457292
1177,實是,0.0840772264895163
1178,來的,0.08389455455070233
1179,其實是,0.08379747790675424
1180,it,0.08373138522056757
1181,中的,0.08345255126371007
1182,到這,0.08331425955596246
1183,外面,0.08306997742663656
1184,偏乾,0.08296164139161463
1185,唇釉,0.08291527313266443
1186,說你,0.08285984848484848
1187,能夠,0.08278327832783278
1188,之前有,0.08252798323348443
1189,光的,0.08228540185893932
1190,道我,0.0822742474916388
1191,掉的,0.08226600985221674
1192,io,0.08204551840404609
1193,是一個很,0.08195863249026171
1194,妝效,0.08174812213442591
1195,加深,0.08174692049272117
1196,底色,0.08170643528561099
1197,己是,0.08156983455175067
1198,款是,0.08149350649350649
1199,得這,0.08149231894659839
1200,盤我,0.08146399055489964
1201,12,0.08122013965453877
1202,一定會,0.08115696999021517
1203,只能,0.08112798264642082
1204,有點,0.08110205665502522
1205,也可,0.08108382382788715
1206,眼皮,0.08084619782732991
1207,加一,0.08062709966405375
1208,好看,0.08044431866421395
1209,蠻多,0.08023129743404409
1210,得這一,0.08009256401534504
1211,是不會,0.07989350209786955
1212,看起來很,0.07955025164520076
1213,為我覺,0.07939239673155031
1214,候就,0.07938417127736348
1215,得很,0.07937088514996342
1216,粉質,0.07936323495235882
1217,那麼,0.07933007509834307
1218,的眼線,0.07893792120690515
1219,們看,0.07871499453368093
1220,ol,0.07854406130268199
1221,AC,0.07842248413417952
1222,下來我,0.07836138808347975
1223,上面的,0.07825045501831376
1224,很多人,0.07818933074959819
1225,to,0.0780791788856305
1226,非常好,0.07805006230570588
1227,今天要,0.07785042612425128
1228,點的,0.07761764195172773
1229,的這一,0.07761070576427444
1230,唇膏的,0.07745701175485292
1231,ea,0.07744107744107744
1232,但是它,0.07736138605758154
1233,的時候我,0.07718045901414612
1234,影的,0.07692307692307693
1235,之後我,0.0768930655392516
1236,以我就,0.0768372446861798
1237,我會用,0.07669131207523039
1238,起來是,0.0765662920981364
1239,麼的,0.07656362329259525
1240,11,0.07644248438074237
1241,們就,0.07627617525859894
1242,下來呢,0.07621450073872689
1243,因為我們,0.07599311560402795
1244,OR,0.07586206896551724
1245,n ,0.07579700715679896
1246,度的,0.07566938300349244
1247,先把,0.07555870876197233
1248,所以我就,0.07533649175722529
1249,ro,0.07522935779816514
1250,起來就,0.07489140445848966
1251,合我,0.07480314960629922
1252,邊是,0.07425068119891008
1253,什麼的,0.07404351248224766
1254,兩邊,0.07392878696439348
1255,加強,0.07390817469204927
1256,所以這,0.0737168135246337
1257,粉餅,0.07355333488264001
1258,臉頰,0.0735233374638579
1259,合的,0.0733715103793844
1260,ar,0.07332332332332332
1261,ti,0.07294721407624634
1262,之後呢,0.07294203845620706
1263,因為他,0.07293125026063133
1264,刷色,0.07274100176189277
1265,品的,0.072630173564753
1266,0號,0.07258367807446409
1267,如果是,0.07229669216801424
1268,蠻喜,0.07228044813877846
1269,了我,0.07220986281053021
1270,像這,0.07216302112544401
1271,完之,0.07211282597126131
1272,膚質,0.07196261682242991
1273,打在,0.07150442477876107
1274,我覺得它的,0.0714901923946591
1275,顏色是,0.07145552006860015
1276,好的,0.07131739068911844
1277,起來的,0.07106308985358284
1278,我們就,0.07095810811587212
1279,會有點,0.07052146774562547
1280,不是很,0.07048364406689356
1281,是我們,0.07035346417919035
1282,的妝容,0.07027904573971712
1283,這一顆,0.07003640169613118
1284,眼影的,0.06994837910175869
1285,大家分,0.06985888053663365
1286,時候就,0.06945050043531653
1287,好像有,0.06941043191114242
1288,們家,0.06895971743335295
1289,小心,0.06892307692307692
1290,支是,0.06891408114558473
1291,樣子的,0.06880146656319963
1292,也很,0.06870306474528111
1293,好用,0.06848733550304231
1294,有一些,0.06842215466667241
1295,因為我覺,0.06841991851634133
1296,膏我,0.06833838523009093
1297,膏體,0.06833838523009093
1298,一點點的,0.06832969914344629
1299,ay,0.06831831831831832
1300,定會,0.06824417009602195
1301,到的,0.068207827878233
1302,這一盤,0.06813562252692511
1303,了一,0.06803856136447906
1304,下來是,0.06798476591717421
1305,微有,0.06797281087564974
1306,眼睛,0.06792452830188679
1307,妝感,0.06770071212564628
1308,這種,0.06724605026689198
1309,不會有,0.06718097134671024
1310,好了,0.06650629687278901
1311,為什,0.06649778340721976
1312,自己是,0.06645735217163788
1313,一樣,0.06627543721351202
1314,面有,0.06623960746899278
1315,的粉撲,0.0661059616856511
1316,較不,0.06593031200182191
1317,家分,0.06585589720055071
1318,過我,0.06582820444206583
1319,會比,0.06552627180030089
1320,但我,0.0653978248425873
1321,一下我,0.06526619463468022
1322,多人,0.06511627906976744
1323,喜歡它,0.06509373682243128
1324,前我,0.0650616222413299
1325,就會,0.0649219741656089
1326,呢它,0.06462943449244819
1327,個顏色我,0.06461656299955058
1328,你看,0.06445752944124279
1329,en,0.06445406445406446
1330,之後再,0.06443213396964956
1331,都可,0.06439482961222091
1332,用這一,0.06434998890202255
1333,粉色,0.06425749477108994
1334,為他,0.06421785940468651
1335,前的,0.0642017770134709
1336,度也,0.0640279394644936
1337,後我們,0.06400814056928228
1338,上的,0.06382012264365206
1339,片就,0.06334543055097328
1340,可是它,0.0633007614780236
1341,剛才,0.06321839080459771
1342,ow,0.06321839080459771
1343,啊或,0.06300671762798239
1344,款我,0.06298701298701298
1345,都不,0.06298472385428908
1346,支我,0.06294749403341289
1347,小小,0.06276923076923077
1348,所以你,0.0626937386050623
1349,支影,0.06264916467780429
1350,常的好,0.06263258544309647
1351,歡它,0.06251698831204132
1352,它是一,0.06250499218971026
1353,好像是,0.06233461118233663
1354,來是,0.06227952023603361
1355,ri,0.06201834862385321
1356,顏色我,0.06200795596269584
1357,還是有,0.06189733681005255
1358,畫一,0.061892767182439724
1359,果是,0.06186776132531887
1360,是我,0.06177448139234082
1361,來說,0.061509845423641844
1362,了這,0.06145717463848721
1363,也有,0.061396387253907045
1364,你的嘴,0.06133017350713113
1365,比較不,0.06126377980473459
1366,支的,0.061157517899761336
1367,有點像,0.061132347701241097
1368,al,0.06106106106106106
1369,我們的,0.06105074962422206
1370,nt,0.06083279115159401
1371,今年,0.060828142176621476
1372,過了,0.06074391222906075
1373,完美,0.06067056945183608
1374,兩顆,0.060651780325890164
1375,常好,0.060577568838146405
1376,下來的,0.06047066021053917
1377,畫眼,0.060453400503778336
1378,這邊,0.06043292830127947
1379,ic,0.06041022759202023
1380,大的,0.06040368061739389
1381,起來很,0.06029595502728241
1382,較偏,0.060236848098383054
1383,上去,0.06011053069876599
1384,兩支,0.06004828002414001
1385,後再,0.06001058621145958
1386,現在就,0.06000444971211835
1387,過的,0.05967353492105967
1388,要用,0.05965909090909091
1389,el,0.059644059644059645
1390,大家可,0.059635629726394586
1391,接受,0.059593523940750945
1392,這邊是,0.05954050840218014
1393,話可,0.05883495145631068
1394,不是那,0.05859483663392355
1395,na,0.05855562784645413
1396,光色,0.05850191361399672
1397,話你,0.05844660194174757
1398,唇的,0.05838907469342252
1399,出的,0.058056872037914695
1400,家可,0.0578246902248738
1401,最喜,0.05776566757493188
1402,il,0.05760044956448441
1403,遮蓋,0.0575785869903517
1404,以我們,0.057500719533366336
1405,果說,0.05746957924058056
1406,非常的好,0.05733510465723754
1407,粉的,0.057169416686033
1408,對於,0.05708822726031139
1409,過這,0.056997591651057
1410,然後這,0.05699163151494167
1411,邊就,0.05676657584014532
1412,前有,0.05674978503869303
1413,我的,0.056704427111007205
1414,然後它,0.056657369746525583
1415,開來,0.05652173913043478
1416,因為這,0.05651062393420114
1417,能是,0.05638063806380638
1418,一下這,0.05626921920606777
1419,這樣子的,0.056258593421135566
1420,後我就,0.056249578076035936
1421,之後就,0.05622615464332627
1422,的顏色是,0.0561292087624424
1423,比較偏,0.05597329795631192
1424,em,0.05595638928972262
1425,它這,0.05591779249908716
1426,也是很,0.05557386037587628
1427,a ,0.05555555555555555
1428,能就,0.05555555555555555
1429,候會,0.05532836179937455
1430,的時候就,0.055097664791968336
1431,歡迎,0.05490622451753194
1432,可以用,0.05476712573979392
1433,開的,0.0546195652173913
1434,不要,0.054617819123429556
1435,它就,0.054613739502373373
1436,他是,0.0545698370125851
1437,說這,0.054450757575757576
1438,質的,0.054415118931247966
1439,到我,0.054360265506981004
1440,我就會,0.05429999452737485
1441,度是,0.05424912689173458
1442,買到,0.05420141116100064
1443,它是有,0.054090858625710794
1444,一點的,0.054089858778779414
1445,候你,0.053885013230695215
1446,那這,0.053820479198951006
1447,所以我們,0.053811779826589495
1448,下我,0.05367419212040726
1449,這邊的,0.053657058955324397
1450,眼尾,0.05363064608347627
1451,方就,0.05355997434252726
1452,沒有那,0.053403733562311324
1453,的話,0.05333215699681286
1454,後它,0.05319571258435887
1455,下面,0.05301018149623727
1456,話呢,0.05300970873786408
1457,可能是,0.052897481069764
1458,然後再,0.05289692485184468
1459,看我,0.05279265493496557
1460,個顏色是,0.052748214693510674
1461,am,0.052552552552552555
1462,au,0.052552552552552555
1463,所以它,0.052497394304458773
1464,說它,0.052398989898989896
1465,還不,0.05230338508526343
1466,在這,0.05204490148363294
1467,剛那,0.05201149425287356
1468,上妝,0.05200999318646377
1469,i ,0.051980893509412755
1470,可能就,0.05182342054042869
1471,都有,0.0518213866039953
1472,是這一,0.05172936256088307
1473,om,0.05172413793103448
1474,是很好,0.05168838883356969
1475,起來會,0.05168224716624207
1476,天要,0.05164758121056322
1477,ak,0.05155155155155155
1478,完了,0.0513571048430016
1479,也會,0.05134970570326771
1480,最好,0.05122615803814714
1481,說是,0.05113636363636364
1482,所以如,0.050981721503017705
1483,妝前,0.05082430982343186
1484,為這,0.05079164027865738
1485,下這,0.050575475874280656
1486,就會有,0.05052102522637305
1487,啊 ,0.05049803104007412
1488,如說,0.0504426600782376
1489,oo,0.04980842911877394
1490,個是,0.04975302455437039
1491,去的,0.049750323654521915
1492,種很,0.04969334801069351
1493,前乳,0.049584408139868155
1494,我就,0.0494994792884317
1495,太大,0.04943696786597089
1496,分我,0.049353391396146744
1497,來就,0.049259187993072925
1498,他就,0.04920569424386218
1499,出門,0.04917061611374408
1500,眼下,0.04905660377358491
1501,天我,0.04884318766066838
1502,把他,0.04880066170388751
1503,子我,0.04863362667901806
1504,後這,0.04856424507079529
1505,時候會,0.04840489424279637
1506,號這,0.04837340876944837
1507,都很,0.0481786133960047
1508,你是,0.047982961663743426
1509,會覺,0.0478631526160361
1510,也沒,0.04769636695758068
1511,像有,0.04748551131052533
1512,它的顏,0.04740181496608845
1513,膏這,0.04712041884816754
1514,這邊就,0.047067595574845966
1515,一樣是,0.04697248622085956
1516,看這,0.04695868400918133
1517,的那一,0.04690955748702395
1518, 我,0.046841514440249005
1519,那種很,0.04679029380010731
1520,光感,0.046746856205576816
1521,時候你,0.046721245747394766
1522,較好,0.04668640400819859
1523,號我,0.04667609618104668
1524,其實它,0.04658016230012317
1525,還沒,0.046576737083227286
1526,刷頭,0.046564309086332745
1527,覺得他,0.04650701707519192
1528,再加,0.04646974063400577
1529,眼圈,0.04642652944539737
1530,還是要,0.04642300260753941
1531,的話就,0.04639366200172067
1532,啊它,0.0463284688441047
1533,很像,0.04623681977942068
1534,我覺得他,0.04602236901706453
1535,但是這,0.04598902673469134
1536,品我,0.04592790387182911
1537,其實這,0.04587794879811126
1538,邊有,0.04586739327883742
1539,唇部,0.04584726867335563
1540,就是我,0.04567603834011659
1541,在我,0.04552947641102127
1542,在眼,0.04537247821650051
1543,這個是,0.04525256036252781
1544,是一樣,0.04519826255623747
1545,他這,0.04507943057561378
1546,面這,0.044977511244377814
1547,as,0.04479479479479479
1548,的這種,0.044700950712303185
1549,人都,0.044602609727164885
1550,看它,0.04456771231828615
1551,不會太,0.0444719106097941
1552,度比,0.04447031431897555
1553,完妝,0.04443853113358169
1554,呢 ,0.04443273621355813
1555,分的,0.04433887569279493
1556,沒有什,0.04432956156425842
1557,都沒,0.04430082256169213
1558,你就,0.04428714607867702
1559,邊界,0.04427792915531335
1560,就是這,0.044246875688673644
1561,多了,0.044186046511627906
1562,去做,0.04401701498058073
1563,覺得很,0.0438444015937878
1564,之外,0.04378964599959075
1565,較適,0.043725802778410386
1566,話它,0.043689320388349516
1567,還要,0.043649783659964365
1568,是這,0.04360070075478494
1569,很喜,0.04350987759059508
1570,話這,0.04349514563106796
1571,比較好,0.043381951157065946
1572,色號,0.04336712208021155
1573,啊就,0.043085476025017375
1574,沒有很,0.04299074930225062
1575,亮粉,0.04281821720513818
1576,麼樣,0.04277498202731848
1577,真的不,0.04248007873010512
1578,實它,0.042350010379904504
1579,實在,0.042350010379904504
1580,麼多,0.042235801581595976
1581,那我就,0.04223409301136373
1582,來我,0.04207555641074979
1583,一些,0.042042568100201454
1584,出一,0.04186413902053712
1585,一支,0.04180899827742256
1586,ai,0.041791791791791794
1587, t,0.04163690172466578
1588,天就,0.041598504323440054
1589,實這,0.04151961801951422
1590,啊你,0.04146397961547371
1591,如果有,0.04143571610823503
1592,顏色的,0.04124992778634273
1593,看的,0.0412203519510329
1594,眼頭,0.04105202973127502
1595,色我,0.04094314676068753
1596,覺得我,0.04082677071486314
1597,得我,0.040746159473299196
1598,就可,0.04073023221085642
1599,比較適,0.04063090059588616
1600,唇色,0.040551839464882944
1601,這一個,0.04050121768231385
1602,是有,0.04035889123565336
1603,樣就,0.04034323770491803
1604,顏色就,0.04031847780407047
1605,es,0.04024370691037358
1606,我就覺,0.04010539014884947
1607,了那,0.04004449388209121
1608,得他,0.03994147768836869
1609,真的非,0.039916625703288425
1610,果我,0.03987685090162733
1611,可愛,0.03978385151538883
1612,下眼,0.03972996901283754
1613,不錯,0.039704613023880314
1614,人就,0.03962040332147094
1615,人可,0.03962040332147094
1616,不知,0.03960870816150379
1617,的是這,0.039499987260579704
1618,也是一,0.03943207520445993
1619,以這,0.03934895367554999
1620,是一,0.03934377916400609
1621,它的質,0.039308822167000185
1622,出去,0.03929699842022117
1623,感覺我,0.03928762988754443
1624,其是,0.03922369765066394
1625,你可,0.039213229766975694
1626,不太,0.03917713628080944
1627,非常喜,0.03876075328951534
1628,的時候會,0.038699550270549186
1629,妝容,0.03843527460735538
1630,會很,0.03833509778793113
1631,感覺就,0.03817150403846646
1632,就是一,0.038072893034440114
1633, B,0.03806510868455965
1634,好那,0.03806424225272393
1635,感受,0.03798794865077286
1636,後呢,0.03791186978959905
1637,沒有到,0.03778425717222027
1638,了所,0.03763440860215054
1639,面是,0.03761755485893417
1640,都還,0.03760282021151586
1641,ee,0.03735770402437069
1642,上一,0.037247331364978424
1643,說他,0.036931818181818184
1644,看看,0.03682096403978577
1645,那種感,0.03679418557917529
1646,一個很,0.0367606290250772
1647,要來,0.03675426136363636
1648,話是,0.03669902912621359
1649,色是,0.03653591890700749
1650,的那我,0.03648521137879641
1651,麼好,0.036484543493889285
1652,點就,0.03646466400416739
1653,一個是,0.03610752140280425
1654,說的,0.03598484848484849
1655,到一,0.03593499656672007
1656,亮我,0.035811599844297395
1657,種感,0.035697436703884255
1658,但是他,0.03547215627985882
1659,的時,0.03524598299458517
1660,唇上,0.03511705685618729
1661,後就,0.034934497816593885
1662,出現,0.03475513428120063
1663,是很,0.0347430292908951
1664,但它,0.03463079564968517
1665,可以看,0.034600539252430555
1666,顏色都,0.03459671362725519
1667,以用,0.034519763906277943
1668, m,0.034493315644453515
1669,一下它,0.034462990624854514
1670,一定,0.03442235263203994
1671,這一塊,0.034214025045709175
1672,們這,0.034143469851147926
1673,上在,0.03399197516844576
1674,是我的,0.03391036973436975
1675,了然,0.03364849833147942
1676,那一,0.033496245082846585
1677,我的眼,0.033467587740209935
1678,不過,0.03342284453821809
1679,好 ,0.033182397056742606
1680,再更,0.032961095100864556
1681,的話可,0.03267159295895822
1682,的話你,0.03267159295895822
1683, M,0.03265639350954179
1684,但是如,0.03262012361414153
1685,就是它,0.03252774194684148
1686,色調,0.03234905244601146
1687,的這,0.0323455782613011
1688,真的超,0.03222626662283837
1689,有一種,0.032142500564343784
1690,用到,0.03214238278655864
1691,要再,0.032049005681818184
1692,後你,0.03202328966521106
1693,樣是,0.03201844262295082
1694,的是,0.031981649150280664
1695,得比,0.03196781272860278
1696,它有,0.031923217359553495
1697,它的粉,0.03187648184130687
1698,去買,0.03181061586831885
1699,的那,0.031650804503898455
1700,不好,0.03160065215306416
1701,et,0.031585698252364916
1702,一款,0.031473533619456366
1703,下去,0.03142983621071271
1704,但是因,0.03137235932289022
1705,可以去,0.03122238009464887
1706,唇紋,0.03121516164994426
1707,上完,0.031190854720266486
1708,然的,0.031129790568457046
1709,不會很,0.03106725670258666
1710,真的有,0.03094454010943002
1711,在手,0.030928644320590313
1712,但是你,0.03083760319806822
1713,果有,0.03064066852367688
1714,好我,0.030635347389274092
1715,常喜,0.030624580255204835
1716,種比,0.030507941500235888
1717,沒辦,0.030472388556220892
1718,我自,0.03045631336209645
1719,再上,0.030439481268011527
1720,再去,0.03025936599423631
1721,看得,0.030126243305279264
1722,是不,0.02986394223684857
1723,會用,0.02980999609962668
1724,所以就,0.029762302282842767
1725,的話呢,0.029731149592651974
1726,下一,0.029659141212926073
1727,粉紅,0.029630490355565885
1728,這支,0.0296129395670717
1729,還好,0.029524051921608552
1730,看不,0.029456771231828615
1731,有沒,0.029456379863830387
1732,因為你,0.029438780531167615
1733,到很,0.02929732204165713
1734,我覺得是,0.0292578401639807
1735,"呢,",0.029153494906919566
1736,用它,0.02895470846061894
1737,我覺得我,0.028937498848316676
1738,為你,0.02887903736542115
1739,都非,0.028789659224441832
1740,面色,0.028758348098677933
1741,顏色然,0.02874188516725816
1742,到底,0.02861066605630579
1743,顏色也,0.02860882088407641
1744,然後你,0.028412250315366813
1745,覺得是,0.028401231801643924
1746,點像,0.028390345546101755
1747,色這,0.028250330542089027
1748,很漂,0.028239001333171736
1749,它們,0.02821970684888634
1750,是我自,0.028141385671676143
1751,以你,0.028021224587134085
1752,大部,0.027901454437518552
1753,還可,0.027869686943242555
1754,所有,0.02763987655977459
1755,這款,0.027547544325527747
1756,就是你,0.027439922907704584
1757,要的,0.027432528409090908
1758,較有,0.02732862673650649
1759,的顏,0.027261598861894415
1760,面就,0.02725909772386534
1761,了就,0.027252502780867632
1762,到它,0.027237354085603113
1763,較多,0.027214757458437714
1764,你要,0.027186168879979954
1765,這兩,0.02711837128832381
1766,上這,0.027102732985085927
1767,用了,0.02709523177048745
1768,用手,0.027028821888697038
1769,會讓,0.02696829553685853
1770,來呢,0.02681033929831313
1771,較容,0.026759280346162605
1772,顏色很,0.026745920919531894
1773,然後他,0.02674094147328641
1774, b,0.026737422185937342
1775,下它,0.02667109340416113
1776,樣我,0.02663934426229508
1777,不用,0.026469742015920207
1778,面我,0.02644132479214938
1779, s,0.026329217267068068
1780,個人,0.026308253990980027
1781,是它,0.02626193166003569
1782,沒有這,0.02618121756815263
1783,我會,0.026163099615311044
1784,就是有,0.026067926762319355
1785,色就,0.02604671661524901
1786,就不,0.025946389905174345
1787,們有,0.025901942645698426
1788,不一,0.025654550685719767
1789,會不,0.02563102468379116
1790,這樣的,0.02545002609660387
1791,那它,0.02544999403981404
1792, a,0.025410756199612205
1793,後來,0.02540690750297737
1794,比較有,0.025394312872428847
1795,以它,0.02533834138198295
1796,得是,0.02531089978054133
1797,我覺得很,0.025306963937457756
1798,較乾,0.025165110453199725
1799,顏色比,0.02514914952135089
1800,上眼,0.025134378075554548
1801,是比,0.02509946461024608
1802,比較多,0.025076883961523487
1803,因為有,0.025000773415916215
1804,後他,0.024943760751621014
1805,比較容,0.024865264687586576
1806,沒有辦,0.024842405306144823
1807,眼窩,0.024814179531160663
1808,有很,0.024729248244964194
1809,的感,0.024681010620113148
1810,妝就,0.02468051897375866
1811,我是,0.024547831076916538
1812,覺得還,0.024496062428917883
1813,有那,0.024447031431897557
1814,一顆,0.024437242708242095
1815,它會,0.02441187209848208
1816,一次,0.024408046480394734
1817,的話它,0.024394789409355466
1818,這裡,0.02438239317614871
1819,然後就,0.024233978210165808
1820,在嘴,0.024099222858937123
1821,在上,0.024099222858937123
1822,的話這,0.024068073479765886
1823,較喜,0.024026417672511957
1824,到了,0.023804074158846417
1825,它不,0.023785926660059464
1826,得到,0.023701536210680323
1827,用過,0.023641917917386106
1828,了但,0.023637374860956618
1829,就是很,0.023552600495779768
1830,到那,0.02346074616617075
1831,所以他,0.023424034204089214
1832,下的,0.0233510402833112
1833,顏色這,0.02328624955680638
1834,比較乾,0.023278120133059774
1835,到眼,0.023231860837720303
1836,好好,0.02313570114617235
1837,這樣就,0.023102693592548174
1838,很適,0.02308811053205672
1839,在臉,0.02307873459455216
1840,以上,0.023013175937518632
1841,你知,0.0229892257579554
1842,們兩,0.022958540072323605
1843,很容,0.022906314386135013
1844,那如,0.022887114077959233
1845,得還,0.022750548646671545
1846,有這,0.022577345045331074
1847,我這,0.02257125247072326
1848,然後呢,0.02256266936808541
1849,還滿,0.02252481547467549
1850,色然,0.02252093433230498
1851,以如,0.022476599296488403
1852,來講,0.0224488486947598
1853,不然,0.022441737796106264
1854,後一,0.022429535529972212
1855,可以讓,0.022418692592551158
1856,比起,0.02236266407389402
1857,比較喜,0.022325833400343692
1858,常常,0.022296843519140363
1859,在一,0.022215244524687965
1860,較沒,0.022204509223411523
1861,要買,0.022194602272727272
1862,來上,0.02212815085626323
1863,你會,0.022112252568278628
1864,妝我,0.022046629597112476
1865,以看,0.021940022655458177
1866,會變,0.021897810218978103
1867,他有,0.021869197441716524
1868,來用,0.02180745301776666
1869,上臉,0.02180331592096298
1870,為有,0.021785940468651045
1871,可以把,0.02170211337726413
1872,了因,0.021690767519466074
1873,我們這,0.021689082103342045
1874,它也,0.021490793385843202
1875,這麼,0.02148547517502213
1876,上就,0.021424786130668484
1877,然後也,0.021392753178629126
1878, 那,0.021328707010919483
1879,要先,0.02130681818181818
1880,很有,0.02120955035753242
1881,在你,0.021194756260303007
1882,是你,0.02118637130179937
1883,下就,0.02113767153607791
1884,用一,0.02111834240935051
1885,我現,0.021083505132728317
1886,了好,0.021041898405635893
1887,會更,0.021006296316933192
1888,點這,0.020836950859524223
1889,粉感,0.020799442249593306
1890,會太,0.020783417841421965
1891,你有,0.0207341518416437
1892,一直,0.020700125543779743
1893,比較沒,0.02063287920884844
1894,也比,0.020600771260401867
1895,很不,0.020482365773845594
1896,妝蛋,0.020388254804409325
1897,得非,0.02033650329188003
1898,得有,0.02033650329188003
1899,這是,0.020278426007886055
1900,較高,0.020268731496242313
1901,較深,0.020268731496242313
1902,的話是,0.020256387634554094
1903,覺得有,0.020235877658671294
1904,了它,0.020207638116425657
1905,後也,0.020179965594812756
1906,你不,0.020170383362565773
1907,們都,0.020099234715330924
1908,們可,0.019846943066184508
1909,不管,0.019804354080751894
1910,那時,0.019728215520324235
1911,有的,0.01971989981303136
1912,不同,0.019708449218375373
1913,得好,0.0196781272860278
1914,我覺得還,0.01964760069406003
1915,就很,0.019562458000447994
1916,一盤,0.01929870660710636
1917,個很,0.019292719593385355
1918,點然,0.019274179545059906
1919,到他,0.019226367589837492
1920,了很,0.01918798665183537
1921, i,0.019185631186855803
1922,色度,0.019127368884971352
1923,好不,0.019102872506013866
1924,點我,0.019100538287897203
1925,覺得說,0.01908207761672951
1926,點不,0.019013717659315855
1927, l,0.018981528727421166
1928,妝水,0.01892498292849478
1929,了你,0.01881720430107527
1930,你在,0.018792282635930843
1931,個眼,0.01879160999355716
1932,在那,0.01876128424523118
1933,可以很,0.018733428056789323
1934,比較高,0.018728305743416274
1935,比較深,0.018728305743416274
1936, F,0.01867537503826921
1937,們來,0.01866958203683458
1938,我們來,0.018654395718512295
1939,上我,0.018623665682489212
1940,以去,0.018541703928933406
1941,個粉,0.018541055193643068
1942,一種,0.018539604683074945
1943,們是,0.018501387604070305
1944,是會,0.01848486336918971
1945,也蠻,0.018469656992084433
1946,要把,0.018465909090909092
1947,來了,0.01834391636200372
1948,以前,0.018303225421808858
1949,要看,0.018288352272727272
1950,來這,0.018279776794304408
1951,他不,0.018258716731999174
1952,可以當,0.018221585760155735
1953,妝之,0.018144571261340357
1954,後面,0.018128887124520314
1955,就是會,0.01806461591423885
1956,要跟,0.017933238636363636
1957,用量,0.017864258201620402
1958,要有,0.017844460227272728
1959,一個顏,0.01782050797916179
1960,可以拿,0.017812111922848865
1961,個我,0.01778939079390078
1962,這顆,0.017757034414312922
1963,要去,0.01775568181818182
1964,很自,0.01769482486971276
1965,上起,0.017639488227723522
1966,色都,0.01754076685764654
1967,就好,0.017509146569103264
1968, w,0.017450760281661395
1969,來很,0.01744596241421333
1970,得不,0.01733723482077542
1971,個小,0.01721669410838285
1972,我不,0.017172854987141613
1973,一個比,0.017074099267992707
1974,覺得好,0.017040739080986356
1975,這個粉,0.01703923222589036
1976,個就,0.017037726394158494
1977,就是要,0.016978452299142213
1978,在用,0.016955805008242404
1979,看你,0.016928079571537875
1980,的眼,0.016906161430131125
1981,在是,0.016877305910982025
1982,在就,0.016877305910982025
1983,上唇,0.01680672268907563
1984,它真,0.01679620259767357
1985,那你,0.016748122541423292
1986,我也,0.016662770185543345
1987,來會,0.01661214803412225
1988,後還,0.016607119227206563
1989,得說,0.016605705925384052
1990,點是,0.016582740059038027
1991,色比,0.016571176729836934
1992,妝品,0.016486196468637207
1993,色那,0.016438959894226533
1994,我用,0.016407727784744214
1995,它可,0.01637890563872516
1996,要是,0.016335227272727272
1997,個色,0.01632185553726108
1998,就有,0.016314492645411783
1999,不能,0.016303826604008823
2000,很明,0.01624045570233911
2001,有時,0.01619218964969838
2002,你想,0.016161363066900525
2003,來看,0.01609903149252774
2004,色也,0.01608638166593213
2005,覺得你,0.01597569288842471
2006,得你,0.015947329919531822
2007,會再,0.015935810999052766
2008,很難,0.015876863410495698
2009,用起,0.01580555186611768
2010,看他,0.015780413159908187
2011,它上,0.015752960200302542
2012,覺得也,0.015709431340284293
2013,有什,0.015698310226831765
2014,用我,0.01567273210253686
2015,然是,0.015671748112266706
2016,們一,0.01564208224707762
2017,以就,0.015620342216657724
2018,是那,0.01561962768308856
2019,一個小,0.015581281845654547
2020,它其,0.015544311720828334
2021,點在,0.015540892516061817
2022,不到,0.015536587704996644
2023,我們兩,0.015530453851775785
2024,色但,0.015513442044953724
2025,很大,0.015452672403345049
2026,了吧,0.015387467556544309
2027,點那,0.015367251258899114
2028,的粉,0.015329135282375906
2029,以很,0.015322244082752042
2030,然我,0.015315572018806099
2031,是用,0.015308544951454721
2032,在下,0.015307323965774394
2033,們要,0.015221596165166933
2034,會把,0.015211455953641278
2035,用那,0.015207862930003984
2036,覺得比,0.015176908244003471
2037,你也,0.015159107992984214
2038,就覺,0.015119838721720302
2039,我真,0.015111262247348621
2040,用完,0.015008633284632754
2041,是因,0.014964716669122583
2042,那今,0.014960066754082728
2043,的人,0.014932121706717249
2044,要上,0.014914772727272728
2045,很高,0.014907283965579929
2046,們說,0.014885207299638383
2047,得出,0.01485003657644477
2048,以在,0.014845287068502952
2049,是可,0.01480098891563109
2050,一層,0.014773291290765234
2051,這個我,0.014763963827774437
2052,我今,0.014686191579350067
2053,點但,0.014672686230248307
2054,它裡,0.01465755568306296
2055,的地,0.014656417834732071
2056,們先,0.014632915650491969
2057,不多,0.014577539081231418
2058,們也,0.014548818434109831
2059,那就,0.014483251877458577
2060,然後還,0.014456821483995465
2061,它還,0.014448907203588754
2062,是他,0.014424415082600651
2063,很乾,0.014422494243122046
2064,色不,0.014411635081533715
2065,就是比,0.014405959526544906
2066,我要,0.014303627978151368
2067,是要,0.014244314553760008
2068,很細,0.01424069809720034
2069,得也,0.014191660570592539
2070,是非,0.01417882345236341
2071,們下,0.014128332352199142
2072,色系,0.014103129131776113
2073,的妝,0.0140829537810029
2074,這次,0.014055416968428958
2075,覺我,0.013958428159611591
2076,你用,0.013906289150588825
2077,色很,0.01379462318201851
2078,然它,0.013677161988887306
2079,來比,0.01366172791995382
2080,這些,0.01362624393122502
2081,我想,0.013581007842553824
2082,你一,0.013530443497870208
2083,色跟,0.013530189510797708
2084,就是不,0.013434128923563703
2085,以讓,0.013414416025755679
2086,一起,0.013401068581939214
2087,很可,0.013392316082899043
2088,就是他,0.013376962417505984
2089,有在,0.013334744417398667
2090,來做,0.013276890513757937
2091,覺就,0.013275678956152328
2092,好這,0.013230507994905901
2093,後是,0.013100436681222707
2094,上它,0.013021424786130668
2095,有用,0.013017250502698698
2096,是沒,0.012983610851875502
2097,的唇,0.012958081983303374
2098,色它,0.012957249889819304
2099,以把,0.012937459011506587
2100,個比,0.012885675424153482
2101,用下,0.01288351706733962
2102,很重,0.012846927645133923
2103,我剛,0.012794627106756499
2104,會看,0.012759792723017775
2105,用刷,0.0127506973037588
2106,那邊,0.012695196090118011
2107,然說,0.012679868927197607
2108,是在,0.012672528120241663
2109,一般,0.01267116288575516
2110,不喜,0.012611489402512707
2111,我還,0.012603345306157148
2112,的就,0.012572096562524124
2113,我都,0.012560838239357294
2114,這個眼,0.012539256949616646
2115,不對,0.012467632108947923
2116,很久,0.012422736637983274
2117,來試,0.012378936565967546
2118,我一,0.012348302905358016
2119,用眼,0.012285828131225926
2120,就要,0.012282535652953034
2121,這盤,0.012258254875137469
2122,來畫,0.012186517862869605
2123,這個就,0.012185326309909723
2124,得就,0.012143379663496708
2125,我有,0.012135767571358739
2126,以當,0.01210278423657068
2127,好一,0.012098485920475448
2128,一塊,0.012058042100960556
2129,用在,0.012020188604064284
2130,來有,0.011994099159771662
2131,就沒,0.011983872172030166
2132,的一,0.011954519889277326
2133,後用,0.011909487892020643
2134,它很,0.011892963330029732
2135,的我,0.011888350960000882
2136,就是那,0.011833466753947603
2137,後有,0.011777160248775969
2138,後會,0.011777160248775969
2139,後又,0.011710996427153633
2140,來當,0.011673401321275095
2141,有看,0.011641443538998836
2142,以他,0.011625827222321588
2143,的很,0.011579562623377483
2144,來跟,0.011545122185876467
2145,後續,0.011512504962286622
2146,你這,0.011463292407917816
2147,會是,0.01142252186995041
2148,不夠,0.011268821329241393
2149,色好,0.01123843102688409
2150,就是用,0.011204635187312705
2151,後的,0.011181685854174938
2152,用他,0.01115686014078895
2153,你覺,0.011150087697318968
2154,就是可,0.011147468681254987
2155,色會,0.01110621419127369
2156,會出,0.011088204156683568
2157,以拿,0.011029630954510225
2158,就是在,0.010918802657024116
2159,就直,0.010901217053684761
2160,色所,0.010885852798589687
2161,一邊,0.010831800531371347
2162,它在,0.010693234573053049
2163,個唇,0.010666475767771494
2164,很快,0.01060477517876621
2165,色有,0.010577346848832084
2166,這個色,0.010567357671249512
2167,我在,0.010563006099764086
2168,會想,0.010475288349027693
2169,很輕,0.010422979032844504
2170,以畫,0.010314195433136589
2171,很棒,0.010301781602230033
2172,它一,0.010275937614104638
2173,色可,0.010224768620537682
2174,色真,0.010224768620537682
2175,以再,0.010194956179574315
2176,就先,0.010154558351377586
2177,我最,0.01013793543176553
2178,色上,0.010092551784927281
2179,以為,0.010075716926012043
2180,那因,0.010072714268685183
2181,就比,0.01004255954603151
2182,以後,0.010016097299230907
2183,以買,0.010016097299230907
2184,色眼,0.01000440722785368
2185,會掉,0.009918092160249624
2186,的然,0.009914311236587007
2187,有人,0.009877588457332345
2188,個妝,0.009843224282339465
2189,這個地,0.009808934871877537
2190,有到,0.009771757152432356
2191,會顯,0.009750933303616203
2192,會一,0.009750933303616203
2193,我來,0.009734118297166904
2194,不容,0.00968639110002877
2195,就這,0.009669230194877922
2196,這個唇,0.009505565752128747
2197,個地,0.009449495311045887
2198,我之,0.009415315296167988
2199,個這,0.009413701768201017
2200,就算,0.00940789964907041
2201,我很,0.009351554695968205
2202,色來,0.009343323049801676
2203,有些,0.009313154831199068
2204,會這,0.009249456733715942
2205,會先,0.009249456733715942
2206,色一,0.009034817100044073
2207,是說,0.009021399217381338
2208,的所,0.009010002536475622
2209,不適,0.008967104632204853
2210,它那,0.008919722497522299
2211,的效,0.008877664677922737
2212,它比,0.008867560377653749
2213,色啊,0.00885852798589687
2214,就用,0.008698573881878594
2215,的部,0.008590932651058151
2216,這個產,0.008544896872924247
2217,不行,0.00848758032032224
2218,個產,0.008483069654234376
2219,色其,0.008461877479065667
2220,色還,0.008417805200528867
2221,不可,0.008391675457945717
2222,不出,0.008391675457945717
2223,的質,0.008238031694917124
2224,的不,0.008204947230278902
2225,有興,0.008113733375665856
2226,的好,0.008094665681484831
2227,是蠻,0.00808815102247982
2228,我先,0.008055089158572613
2229,的遮,0.007962327822931945
2230,不想,0.007912151146063105
2231,個品,0.007802992340181831
2232,有兩,0.007725685257699228
2233,就一,0.007690584633763906
2234,就完,0.007690584633763906
2235,是真,0.007596967762005338
2236,有出,0.007549299749532578
2237,的刷,0.007477089008238032
2238,一開,0.007445038101077341
2239,有買,0.0073376371397326
2240,的但,0.007267554065529296
2241,個影,0.00726608919750877
2242,的產,0.007135216206976411
2243,個呢,0.007051327940439544
2244,是偏,0.007040293400134257
2245,個刷,0.006943947311904932
2246,是還,0.0069093111973410615
2247,是如,0.006761956219198716
2248,有個,0.006632095107066004
2249,我沒,0.006609848887377526
2250,我個,0.006567341820577671
2251,個遮,0.006442837712076741
2252,有辦,0.006420432497266025
2253,個不,0.0064070441692318705
2254,有我,0.006314601192366035
2255,個系,0.006299663540697258
2256,我買,0.006291045886378611
2257,個都,0.006156489369317775
2258,個也,0.006156489369317775
2259,個打,0.006120695826472905
2260,有可,0.006102938582566057
2261,是覺,0.00609067242988359
2262,的色,0.005977259944638663
2263,有特,0.005961830176032737
2264,個非,0.00594172811224855
2265,一條,0.005897638025167148
2266,是1,0.005861453574995497
2267,的底,0.005844922086085777
2268,是最,0.005828708024297199
2269,的睫,0.005723612382412298
2270,我跟,0.005653439884380778
2271,是屬,0.005550370843361658
2272,的影,0.005536133749462377
2273,的因,0.0055140774397035635
2274,我已,0.005504665150581284
2275,我再,0.005419651016981573
2276,我只,0.005398397483581645
2277,的光,0.00537071142627127
2278,是上,0.0053211519884735665
2279,的眉,0.005315570651874235
2280,的有,0.005260429877477199
2281,我看,0.005249622749782151
2282,這三,0.00523054639092299
2283,我喜,0.005207115682982296
2284,我說,0.005100848015982657
2285,一罐,0.005021751189746285
2286,一整,0.004992554961898922
2287,是粉,0.004977323706141428
2288,是看,0.004895459829395681
2289,的亮,0.004885472611577357
2290,的它,0.004863416301818543
2291,的可,0.004863416301818543
2292,是完,0.004829968727999083
2293,這顏,0.004801373353719053
2294,的方,0.004731078443265657
2295,我可,0.004633270281184247
2296,的膚,0.0045656561200745505
2297,這就,0.004533140205466591
2298,的嘴,0.004521543500556922
2299,是就,0.004502513221016095
2300,是什,0.004486140445666945
2301,是大,0.0044697676703177956
2302,我比,0.004271960213385475
2303,是好,0.004256921590778853
2304,我把,0.004250706679985548
2305,我上,0.004250706679985548
2306,的狀,0.004245839628571744
2307,的東,0.004179670699295301
2308,的臉,0.004113501770018858
2309,我那,0.004059424879386198
2310,的蜜,0.003970135756586566
2311,是跟,0.003945838859145014
2312,是想,0.003913093308446715
2313,是M,0.0038639749823992666
2314,是呢,0.0038312294317009677
2315,的保,0.003749572658998423
2316,的味,0.003738544504119016
2317,的包,0.0037054600394807943
2318,是像,0.003651128902860324
2319,是太,0.0036347561275111746
2320,的腮,0.003595178490686723
2321,我記,0.00357059361118786
2322,是超,0.0035528922507654273
2323,是霧,0.0035528922507654273
2324,是眼,0.0035528922507654273
2325,是也,0.0035201467000671284
2326,的比,0.0035069532516514663
2327,的非,0.0034297561674956163
2328,的問,0.0033746153930985807
2329,的修,0.0033305027735809523
2330,的打,0.003319474618701545
2331,是又,0.0032909278451790365
2332,的上,0.0032753619991839167
2333,是帶,0.003209063968433289
2334,是2,0.0031763184177349903
2335,的你,0.0031650804503898454
2336,的皮,0.0031209678308722166
2337,的護,0.003065827056475181
2338,的品,0.003054798901595774
2339,是其,0.0029962178888943464
2340,的用,0.002977601817439924
2341,的喔,0.0028342358040076314
2342,是C,0.002832490135402852
2343,是把,0.0028161173600537025
2344,的小,0.002790123184490003
2345,是K,0.0027833718093554036
2346,的超,0.0027790950296105957
2347,的而,0.00272395425521356
2348,的還,0.0025916163966606745
2349,的毛,0.0025585319320224533
2350,的成,0.002514419312504825
2351,的大,0.0024923630027460105
2352,的美,0.0024703066929871965
2353,的頻,0.0024592785381077893
2354,的手,0.002448250383228382
2355,的都,0.0024261940734695677
2356,的情,0.0024151659185901605
2357,的會,0.0024041377637107537
2358,的也,0.002348996989313718
2359,的心,0.002337968834434311
2360,的I,0.002337968834434311
2361,的霧,0.0022938562149166825
2362,的樣,0.002271799905157868
2363,的位,0.002260771750278461
2364,的彩,0.002260771750278461
2365,的氣,0.0022276872856402397
2366,的黑,0.0022276872856402397
2367,的細,0.002194602821002018
2368,的他,0.002172546511243204
2369,的持,0.002161518356363797
2370,的水,0.0021394620466049824
2371,的潤,0.002084321272207947
2372,的關,0.0020512368075697256
2373,的最,0.0019519834136550614
2374,的顯,0.00191889894901684
2375,的耶,0.0019078707941374328
2376,的沒,0.0019078707941374328
2377,的珠,0.0019078707941374328
2378,的肌,0.0018968426392580258
2379,的外,0.0018968426392580258
2380,的去,0.0018858144843786186
2381,的對,0.0018747863294992116
2382,的如,0.0018527300197403972
2383,的要,0.0018417018648609902
2384,的程,0.001830673709981583
2385,的配,0.0018196455551021758
